question,answer
tell revature technology training,revature provide train many current technology often include java spring net use asp net front end framework like react angular vue data science tool python sql machine learn cloud platform like aws azure google cloud cybersecurity basic tool devops method include ci cd containerization docker kubernetes specific training offer adapts current industry demand
support revature employee get client site,revature typically offer ongoing support employee work client location might involve regular check in revature manager feedback performance access internal resource opportunity connect revature associate goal ensure employee support necessary resource project success
revature handle employee feedback evaluation,revature generally system regular performance review often include input client revature management aim review help employee identify area development recognize strength plan future career progression feedback usually cover technical skill communication teamwork professional conduct
opportunity development beyond initial training revature,yes revature generally encourage continuous professional growth include access online learning platform chance earn certification mentorship program internal workshops new technology stay update fast paced tech industry consider important
revature approach balance work life employee,balance work personal life vary base specific client project demand however revature generally try place employee roles allow reasonable work life balance also adhere labor law company policy regard work hour time best ask typical work hour expectation hire process specific role
describe typical project revature associate,revature associate train full stack java might work develop maintain web application bank client associate data science skill could analyze customer data retail business improve marketing strategy someone focus cybersecurity might work implement security measure healthcare organization
travel expectation revature employee,revature employee generally willing relocate anywhere country client assignment frequency length travel differ depend project location need important clarify potential travel requirement recruitment process
revature employee resource group,many company value diversity inclusion often employee lead group support individual various background would best ask revature directly group initiative might
revature contribute tech community,revature often partner university create career path graduate also help bridge technology skill gap benefit wider economy might also participate local community program though specific detail would need inquiry
typical commitment duration joining revature,revature employment agreement often include commitment period due investment training placement leave period might involve certain obligation fee cover training cost exact term length commitment usually detailed employment contract
tell revature online assessment,online assessment usually evaluate range ability include logical reasoning problem solve verbal numerical skill personality trait write communication like email basic technical understand area object orient concept data structure sql specific content might vary depend job apply
happens online assessment revature hire process,successfully complete online assessment likely one interview typically include hr interview focus background motivation company fit technical interview explore understanding relevant technical concept additional interview might schedule depend specific role
advice revature technical interview,prepare revature technical interview review fundamental concept object orient program inheritance polymorphism encapsulation abstraction understand basic data structure like array link list tree graph common algorithm role involve database study sql query also ready discus personal project relevant coursework do practice explain technical idea clearly concisely
people choose work revature,people often choose revature chance enter tech industry without prior experience comprehensive pay training sought after technology guarantee job placement train opportunity work various client project potential career growth
revature support new college graduate,revature offer structure way recent graduate start tech career provide pay training connect academic knowledge industry need offer real world project experience provide ongoing support mentorship help succeed
revature policy intellectual property create employee client project,intellectual property develop revature employee work client usually belong client company state agreement revature client revature employee typically required sign confidentiality agreement regard client information ip
industry revature presence,revature provide technology talent variety industry include finance banking healthcare retail technology consult government sector ability train diverse technology allow serve broad range client
tell revature training location,revature training center various location also may offer remote training option depend circumstance specific program best inquire current training location format application process
kind background successful revature applicant typically,successful applicant often strong aptitude learn genuine interest technology many recent college graduate degree stem field others may career changer demonstrate ability learn new skill strong work ethic adaptability also common trait
revature ensure quality training program,revature design train program align industry standard specific need client employ experienced trainer use curriculum regularly updated reflect latest technological advancement also likely assessment method gauge effectiveness training
opportunity learn new technology work revature,revature often provide opportunity employee learn new technology internal training program online resource on the job experience different client project encourage employee stay current industry trend
long typical first project assignment revature training,duration first project assignment vary depend client need nature project could range month year longer revature aim assignment provide meaningful experience allow skill development
happen revature employee good fit particular client project,revature employee good fit specific client project revature typically work find suitable assignment value client satisfaction employee success try make appropriate adjustment
revature offer mentorship program employee,revature may offer mentorship program help guide support employee especially early career program provide valuable advice insight experience professional worth ask mentorship opportunity hire process
revature handle promotion career advancement employee,revature usually process promotion career advancement base performance skill development experience gain client project may internal career ladder opportunities employee take responsibility time
revature approach diversity workplace,revature state commit create diverse inclusive workplace individual background feel welcome equal opportunity succeed likely policy initiative aim promote diversity inclusion
revature stay inform change need technology industry,revature likely team dedicate market research curriculum development monitor industry trend technological advancement evolve need client help adapt training program skills workforce accordingly
benefit work revature,benefit work revature often include pay technology train salary training project assignments health insurance pay time retirement plan option opportunities professional development career growth specific benefit package may vary
describe company culture revature word,revature culture often describe one focused growth opportunity learn professional development aim create supportive environment individual enter advance technology industry
revature interact university partner,revature typically engage partner university career fair on campus recruitment event information session potentially collaborative program identify recruit promising talent
kind communication revature employee expect company,revature employee generally expect regular communication manager company regard project update performance feedback company news opportunity train development
revature social medium presence learn,yes revature typically presence professional networking site like linkedin well social medium platform share company news job opening employee success story good resource learn
challenge work revature,potential challenge work revature might include requirement nationwide relocation commitment period involve need quickly adapt new technology client environment
revature measure success employee,revature likely measure employee success factor performance client project client feedback professional growth adherence project goal timeline
opportunity work specific geographic location revature,initial requirement often nationwide relocation employee gain experience might opportunities work project specific geographic area depend client need employee preference skill
revature policy continue education certification employee,revature often support employee pursue relevant certification continue education enhance skill marketability might include provide resource even financial assistance case
revature handle remote work opportunity,availability remote work opportunity revature employee typically depend requirement specific client project project may allow remote work others may require on site presence usually discuss project assignment phase
type roles beyond software development available revature,beyond software development revature also place professional role data analyst business analyst project manager cybersecurity analyst cloud engineer devops engineer depend train client need
revature support employee new particular technology project,revature typically provide resource mentorship support employee work new technology project might include access senior team member train material opportunity collaboration
revature long term vision employee career,revature long term vision employee career often involve continuous growth skill development opportunity take increasingly challenge reward role within technology industry either revature client potentially within revature
revature handle feedback concern employee,revature likely channel employee provide feedback raise concern regular check ins manager hr representative anonymous feedback mechanism generally aim address employee concern timely effective manner
make revature different tech talent company,revature model hire individual base aptitude provide intensive pay training deploy client set apart focus bridge skill gap create opportunity individual might traditional tech background
